{
    "rmse": 0.6954802440041706,
    "mae": 0.538470795927673,
    "r2": 0.2546819680263481
}